{"moduleName":null,"summaries":[{"symbol":{"__symbol":0,"members":[]},"metadata":{"__symbolic":"class","members":{"__ctor__":[{"__symbolic":"constructor","parameterDecorators":[null,null,null,[{"__symbolic":"call","expression":{"__symbol":1,"members":[]}}]],"parameters":[{"__symbol":2,"members":[]},{"__symbol":3,"members":[]},{"__symbol":4,"members":[]},{"__symbol":5,"members":[]}]}],"checkUrl":[{"__symbolic":"method"}],"intercept":[{"__symbolic":"method"}]}},"type":{"summaryKind":3,"type":{"reference":{"__symbol":0,"members":[]},"diDeps":[{"isAttribute":false,"isHost":false,"isSelf":false,"isSkipSelf":false,"isOptional":false,"token":{"identifier":{"reference":{"__symbol":2,"members":[]}}}},{"isAttribute":false,"isHost":false,"isSelf":false,"isSkipSelf":false,"isOptional":false,"token":{"identifier":{"reference":{"__symbol":3,"members":[]}}}},{"isAttribute":false,"isHost":false,"isSelf":false,"isSkipSelf":false,"isOptional":false,"token":{"identifier":{"reference":{"__symbol":4,"members":[]}}}},{"isAttribute":false,"isHost":false,"isSelf":false,"isSkipSelf":false,"isOptional":true,"token":{"identifier":{"reference":{"__symbol":5,"members":[]}}}}],"lifecycleHooks":[]}}}],"symbols":[{"__symbol":0,"name":"DefaultOAuthInterceptor","filePath":"./default-oauth.interceptor"},{"__symbol":1,"name":"Optional","filePath":"@angular/core"},{"__symbol":2,"name":"OAuthStorage","filePath":"../types"},{"__symbol":3,"name":"OAuthService","filePath":"../oauth-service"},{"__symbol":4,"name":"OAuthResourceServerErrorHandler","filePath":"./resource-server-error-handler"},{"__symbol":5,"name":"OAuthModuleConfig","filePath":"../oauth-module.config"}]}