{"moduleName":null,"summaries":[{"symbol":{"__symbol":0,"members":[]},"metadata":{"__symbolic":"class","members":{"handleError":[{"__symbolic":"method"}]}}},{"symbol":{"__symbol":1,"members":[]},"metadata":{"__symbolic":"class","members":{"handleError":[{"__symbolic":"method"}]}}}],"symbols":[{"__symbol":0,"name":"OAuthResourceServerErrorHandler","filePath":"./resource-server-error-handler"},{"__symbol":1,"name":"OAuthNoopResourceServerErrorHandler","filePath":"./resource-server-error-handler"}]}