{"__symbolic":"module","version":4,"metadata":{"OAuthModule":{"__symbolic":"class","decorators":[{"__symbolic":"call","expression":{"__symbolic":"reference","module":"@angular/core","name":"NgModule","line":19,"character":1},"arguments":[{"imports":[{"__symbolic":"reference","module":"@angular/common","name":"CommonModule","line":20,"character":12}],"declarations":[],"exports":[]}]}],"members":{},"statics":{"forRoot":{"__symbolic":"function","parameters":["config","validationHandlerClass"],"defaults":[null,{"__symbolic":"reference","name":"NullValidationHandler"}],"value":{"ngModule":{"__symbolic":"reference","name":"OAuthModule"},"providers":[{"__symbolic":"reference","name":"OAuthService"},{"__symbolic":"reference","name":"UrlHelperService"},{"provide":{"__symbolic":"reference","name":"OAuthLogger"},"useFactory":{"__symbolic":"reference","name":"ɵc"}},{"provide":{"__symbolic":"reference","name":"OAuthStorage"},"useFactory":{"__symbolic":"reference","name":"ɵd"}},{"provide":{"__symbolic":"reference","name":"ValidationHandler"},"useClass":{"__symbolic":"reference","name":"validationHandlerClass"}},{"provide":{"__symbolic":"reference","name":"ɵa"},"useClass":{"__symbolic":"reference","name":"ɵb"}},{"provide":{"__symbolic":"reference","name":"OAuthResourceServerErrorHandler"},"useClass":{"__symbolic":"reference","name":"OAuthNoopResourceServerErrorHandler"}},{"provide":{"__symbolic":"reference","name":"OAuthModuleConfig"},"useValue":{"__symbolic":"reference","name":"config"}},{"provide":{"__symbolic":"reference","module":"@angular/common/http","name":"HTTP_INTERCEPTORS","line":44,"character":19},"useClass":{"__symbolic":"reference","name":"DefaultOAuthInterceptor"},"multi":true}]}}}},"OAuthService":{"__symbolic":"class","extends":{"__symbolic":"reference","name":"AuthConfig"},"decorators":[{"__symbolic":"call","expression":{"__symbolic":"reference","module":"@angular/core","name":"Injectable","line":35,"character":1}}],"members":{"__ctor__":[{"__symbolic":"constructor","parameterDecorators":[null,null,[{"__symbolic":"call","expression":{"__symbolic":"reference","module":"@angular/core","name":"Optional","line":87,"character":9}}],[{"__symbolic":"call","expression":{"__symbolic":"reference","module":"@angular/core","name":"Optional","line":88,"character":9}}],[{"__symbolic":"call","expression":{"__symbolic":"reference","module":"@angular/core","name":"Optional","line":89,"character":9}}],null,null,[{"__symbolic":"call","expression":{"__symbolic":"reference","module":"@angular/core","name":"Optional","line":92,"character":9}}]],"parameters":[{"__symbolic":"reference","module":"@angular/core","name":"NgZone","line":85,"character":26},{"__symbolic":"reference","module":"@angular/common/http","name":"HttpClient","line":86,"character":24},{"__symbolic":"reference","name":"OAuthStorage"},{"__symbolic":"reference","name":"ValidationHandler"},{"__symbolic":"reference","name":"AuthConfig"},{"__symbolic":"reference","name":"UrlHelperService"},{"__symbolic":"reference","name":"OAuthLogger"},{"__symbolic":"reference","name":"ɵa"}]}],"configure":[{"__symbolic":"method"}],"configChanged":[{"__symbolic":"method"}],"restartSessionChecksIfStillLoggedIn":[{"__symbolic":"method"}],"restartRefreshTimerIfStillLoggedIn":[{"__symbolic":"method"}],"setupSessionCheck":[{"__symbolic":"method"}],"setupAutomaticSilentRefresh":[{"__symbolic":"method"}],"refreshInternal":[{"__symbolic":"method"}],"loadDiscoveryDocumentAndTryLogin":[{"__symbolic":"method"}],"loadDiscoveryDocumentAndLogin":[{"__symbolic":"method"}],"debug":[{"__symbolic":"method"}],"validateUrlFromDiscoveryDocument":[{"__symbolic":"method"}],"validateUrlForHttps":[{"__symbolic":"method"}],"assertUrlNotNullAndCorrectProtocol":[{"__symbolic":"method"}],"validateUrlAgainstIssuer":[{"__symbolic":"method"}],"setupRefreshTimer":[{"__symbolic":"method"}],"setupExpirationTimers":[{"__symbolic":"method"}],"setupAccessTokenTimer":[{"__symbolic":"method"}],"setupIdTokenTimer":[{"__symbolic":"method"}],"clearAccessTokenTimer":[{"__symbolic":"method"}],"clearIdTokenTimer":[{"__symbolic":"method"}],"calcTimeout":[{"__symbolic":"method"}],"setStorage":[{"__symbolic":"method"}],"loadDiscoveryDocument":[{"__symbolic":"method"}],"loadJwks":[{"__symbolic":"method"}],"validateDiscoveryDocument":[{"__symbolic":"method"}],"fetchTokenUsingPasswordFlowAndLoadUserProfile":[{"__symbolic":"method"}],"loadUserProfile":[{"__symbolic":"method"}],"fetchTokenUsingPasswordFlow":[{"__symbolic":"method"}],"refreshToken":[{"__symbolic":"method"}],"removeSilentRefreshEventListener":[{"__symbolic":"method"}],"setupSilentRefreshEventListener":[{"__symbolic":"method"}],"silentRefresh":[{"__symbolic":"method"}],"initImplicitFlowInPopup":[{"__symbolic":"method"}],"initLoginFlowInPopup":[{"__symbolic":"method"}],"calculatePopupFeatures":[{"__symbolic":"method"}],"processMessageEventMessage":[{"__symbolic":"method"}],"canPerformSessionCheck":[{"__symbolic":"method"}],"setupSessionCheckEventListener":[{"__symbolic":"method"}],"handleSessionUnchanged":[{"__symbolic":"method"}],"handleSessionChange":[{"__symbolic":"method"}],"waitForSilentRefreshAfterSessionChange":[{"__symbolic":"method"}],"handleSessionError":[{"__symbolic":"method"}],"removeSessionCheckEventListener":[{"__symbolic":"method"}],"initSessionCheck":[{"__symbolic":"method"}],"startSessionCheckTimer":[{"__symbolic":"method"}],"stopSessionCheckTimer":[{"__symbolic":"method"}],"checkSession":[{"__symbolic":"method"}],"createLoginUrl":[{"__symbolic":"method"}],"initImplicitFlowInternal":[{"__symbolic":"method"}],"initImplicitFlow":[{"__symbolic":"method"}],"resetImplicitFlow":[{"__symbolic":"method"}],"callOnTokenReceivedIfExists":[{"__symbolic":"method"}],"storeAccessTokenResponse":[{"__symbolic":"method"}],"tryLogin":[{"__symbolic":"method"}],"parseQueryString":[{"__symbolic":"method"}],"tryLoginCodeFlow":[{"__symbolic":"method"}],"getCodePartsFromUrl":[{"__symbolic":"method"}],"getTokenFromCode":[{"__symbolic":"method"}],"fetchAndProcessToken":[{"__symbolic":"method"}],"tryLoginImplicitFlow":[{"__symbolic":"method"}],"parseState":[{"__symbolic":"method"}],"validateNonce":[{"__symbolic":"method"}],"storeIdToken":[{"__symbolic":"method"}],"storeSessionState":[{"__symbolic":"method"}],"getSessionState":[{"__symbolic":"method"}],"handleLoginError":[{"__symbolic":"method"}],"processIdToken":[{"__symbolic":"method"}],"getIdentityClaims":[{"__symbolic":"method"}],"getGrantedScopes":[{"__symbolic":"method"}],"getIdToken":[{"__symbolic":"method"}],"padBase64":[{"__symbolic":"method"}],"getAccessToken":[{"__symbolic":"method"}],"getRefreshToken":[{"__symbolic":"method"}],"getAccessTokenExpiration":[{"__symbolic":"method"}],"getAccessTokenStoredAt":[{"__symbolic":"method"}],"getIdTokenStoredAt":[{"__symbolic":"method"}],"getIdTokenExpiration":[{"__symbolic":"method"}],"hasValidAccessToken":[{"__symbolic":"method"}],"hasValidIdToken":[{"__symbolic":"method"}],"authorizationHeader":[{"__symbolic":"method"}],"logOut":[{"__symbolic":"method"}],"createAndSaveNonce":[{"__symbolic":"method"}],"ngOnDestroy":[{"__symbolic":"method"}],"createNonce":[{"__symbolic":"method"}],"checkAtHash":[{"__symbolic":"method"}],"checkSignature":[{"__symbolic":"method"}],"initLoginFlow":[{"__symbolic":"method"}],"initCodeFlow":[{"__symbolic":"method"}],"initCodeFlowInternal":[{"__symbolic":"method"}],"createChallangeVerifierPairForPKCE":[{"__symbolic":"method"}]}},"JwksValidationHandler":{"__symbolic":"class","extends":{"__symbolic":"reference","name":"NullValidationHandler"},"members":{"__ctor__":[{"__symbolic":"constructor"}]}},"NullValidationHandler":{"__symbolic":"class","members":{"validateSignature":[{"__symbolic":"method"}],"validateAtHash":[{"__symbolic":"method"}]}},"ValidationParams":{"__symbolic":"interface"},"ValidationHandler":{"__symbolic":"class","members":{"validateSignature":[{"__symbolic":"method"}],"validateAtHash":[{"__symbolic":"method"}]}},"AbstractValidationHandler":{"__symbolic":"class","members":{"validateSignature":[{"__symbolic":"method"}],"validateAtHash":[{"__symbolic":"method"}],"inferHashAlgorithm":[{"__symbolic":"method"}],"calcHash":[{"__symbolic":"method"}]}},"UrlHelperService":{"__symbolic":"class","decorators":[{"__symbolic":"call","expression":{"__symbolic":"reference","module":"@angular/core","name":"Injectable","line":2,"character":1}}],"members":{"getHashFragmentParams":[{"__symbolic":"method"}],"parseQueryString":[{"__symbolic":"method"}]}},"AuthConfig":{"__symbolic":"class","members":{"__ctor__":[{"__symbolic":"constructor","parameters":[{"__symbolic":"error","message":"Could not resolve type","line":235,"character":21,"context":{"typeName":"Partial"},"module":"./auth.config"}]}]}},"LoginOptions":{"__symbolic":"class","members":{}},"OAuthLogger":{"__symbolic":"class","members":{"debug":[{"__symbolic":"method"}],"info":[{"__symbolic":"method"}],"log":[{"__symbolic":"method"}],"warn":[{"__symbolic":"method"}],"error":[{"__symbolic":"method"}]}},"OAuthStorage":{"__symbolic":"class","members":{"getItem":[{"__symbolic":"method"}],"removeItem":[{"__symbolic":"method"}],"setItem":[{"__symbolic":"method"}]}},"MemoryStorage":{"__symbolic":"class","decorators":[{"__symbolic":"call","expression":{"__symbolic":"reference","module":"@angular/core","name":"Injectable","line":93,"character":1}}],"members":{"getItem":[{"__symbolic":"method"}],"removeItem":[{"__symbolic":"method"}],"setItem":[{"__symbolic":"method"}]}},"ReceivedTokens":{"__symbolic":"class","members":{}},"ParsedIdToken":{"__symbolic":"interface"},"TokenResponse":{"__symbolic":"interface"},"UserInfo":{"__symbolic":"interface"},"OidcDiscoveryDoc":{"__symbolic":"interface"},"AUTH_CONFIG":{"__symbolic":"new","expression":{"__symbolic":"reference","module":"@angular/core","name":"InjectionToken","line":3,"character":31},"arguments":["AUTH_CONFIG"]},"EventType":{"__symbolic":"interface"},"OAuthEvent":{"__symbolic":"class","members":{"__ctor__":[{"__symbolic":"constructor","parameters":[{"__symbolic":"error","message":"Could not resolve type","line":26,"character":29,"context":{"typeName":"EventType"},"module":"./events"}]}]}},"OAuthSuccessEvent":{"__symbolic":"class","extends":{"__symbolic":"reference","name":"OAuthEvent"},"members":{"__ctor__":[{"__symbolic":"constructor","parameters":[{"__symbolic":"error","message":"Could not resolve type","line":30,"character":20,"context":{"typeName":"EventType"},"module":"./events"},{"__symbolic":"reference","name":"any"}]}]}},"OAuthInfoEvent":{"__symbolic":"class","extends":{"__symbolic":"reference","name":"OAuthEvent"},"members":{"__ctor__":[{"__symbolic":"constructor","parameters":[{"__symbolic":"error","message":"Could not resolve type","line":36,"character":20,"context":{"typeName":"EventType"},"module":"./events"},{"__symbolic":"reference","name":"any"}]}]}},"OAuthErrorEvent":{"__symbolic":"class","extends":{"__symbolic":"reference","name":"OAuthEvent"},"members":{"__ctor__":[{"__symbolic":"constructor","parameters":[{"__symbolic":"error","message":"Could not resolve type","line":43,"character":10,"context":{"typeName":"EventType"},"module":"./events"},{"__symbolic":"error","message":"Expression form not supported","line":44,"character":21,"module":"./events"},{"__symbolic":"error","message":"Expression form not supported","line":45,"character":21,"module":"./events"}]}]}},"DefaultOAuthInterceptor":{"__symbolic":"class","decorators":[{"__symbolic":"call","expression":{"__symbolic":"reference","module":"@angular/core","name":"Injectable","line":15,"character":1}}],"members":{"__ctor__":[{"__symbolic":"constructor","parameterDecorators":[null,null,null,[{"__symbolic":"call","expression":{"__symbolic":"reference","module":"@angular/core","name":"Optional","line":22,"character":9}}]],"parameters":[{"__symbolic":"reference","name":"OAuthStorage"},{"__symbolic":"reference","name":"OAuthService"},{"__symbolic":"reference","name":"OAuthResourceServerErrorHandler"},{"__symbolic":"reference","name":"OAuthModuleConfig"}]}],"checkUrl":[{"__symbolic":"method"}],"intercept":[{"__symbolic":"method"}]}},"OAuthResourceServerErrorHandler":{"__symbolic":"class","members":{"handleError":[{"__symbolic":"method"}]}},"OAuthNoopResourceServerErrorHandler":{"__symbolic":"class","members":{"handleError":[{"__symbolic":"method"}]}},"OAuthModuleConfig":{"__symbolic":"class","members":{}},"OAuthResourceServerConfig":{"__symbolic":"class","members":{}},"ɵa":{"__symbolic":"class","members":{"calcHash":[{"__symbolic":"method"}]}},"ɵb":{"__symbolic":"class","decorators":[{"__symbolic":"call","expression":{"__symbolic":"reference","module":"@angular/core","name":"Injectable","line":9,"character":1}}],"members":{"calcHash":[{"__symbolic":"method"}],"toHashString":[{"__symbolic":"method"}]}},"ɵc":{"__symbolic":"function","parameters":[],"value":{"__symbolic":"reference","name":"console"}},"ɵd":{"__symbolic":"function","parameters":[],"value":{"__symbolic":"if","condition":{"__symbolic":"binop","operator":"!==","left":{"__symbolic":"error","message":"Expression form not supported","line":7,"character":11,"module":"./factories"},"right":"undefined"},"thenExpression":{"__symbolic":"reference","name":"sessionStorage"},"elseExpression":{"__symbolic":"new","expression":{"__symbolic":"reference","name":"MemoryStorage"}}}}},"origins":{"OAuthModule":"./angular-oauth-oidc.module","OAuthService":"./oauth-service","JwksValidationHandler":"./token-validation/jwks-validation-handler","NullValidationHandler":"./token-validation/null-validation-handler","ValidationParams":"./token-validation/validation-handler","ValidationHandler":"./token-validation/validation-handler","AbstractValidationHandler":"./token-validation/validation-handler","UrlHelperService":"./url-helper.service","AuthConfig":"./auth.config","LoginOptions":"./types","OAuthLogger":"./types","OAuthStorage":"./types","MemoryStorage":"./types","ReceivedTokens":"./types","ParsedIdToken":"./types","TokenResponse":"./types","UserInfo":"./types","OidcDiscoveryDoc":"./types","AUTH_CONFIG":"./tokens","EventType":"./events","OAuthEvent":"./events","OAuthSuccessEvent":"./events","OAuthInfoEvent":"./events","OAuthErrorEvent":"./events","DefaultOAuthInterceptor":"./interceptors/default-oauth.interceptor","OAuthResourceServerErrorHandler":"./interceptors/resource-server-error-handler","OAuthNoopResourceServerErrorHandler":"./interceptors/resource-server-error-handler","OAuthModuleConfig":"./oauth-module.config","OAuthResourceServerConfig":"./oauth-module.config","ɵa":"./token-validation/hash-handler","ɵb":"./token-validation/hash-handler","ɵc":"./factories","ɵd":"./factories"},"importAs":"angular-oauth2-oidc"}