{"moduleName":null,"summaries":[{"symbol":{"__symbol":0,"members":[]},"metadata":{"__symbolic":"class","statics":{"forRoot":{"__symbolic":"function","parameters":["config","validationHandlerClass"],"value":{"ngModule":{"__symbol":0,"members":[]},"providers":[{"__symbol":1,"members":[]},{"__symbol":2,"members":[]},{"provide":{"__symbol":3,"members":[]},"useFactory":{"__symbol":4,"members":[]}},{"provide":{"__symbol":5,"members":[]},"useFactory":{"__symbol":6,"members":[]}},{"provide":{"__symbol":7,"members":[]},"useClass":{"__symbolic":"reference","name":"validationHandlerClass"}},{"provide":{"__symbol":8,"members":[]},"useClass":{"__symbol":9,"members":[]}},{"provide":{"__symbol":10,"members":[]},"useClass":{"__symbol":11,"members":[]}},{"provide":{"__symbol":12,"members":[]},"useValue":{"__symbolic":"reference","name":"config"}},{"provide":{"__symbol":13,"members":[]},"useClass":{"__symbol":14,"members":[]},"multi":true}]},"defaults":[null,{"__symbol":15,"members":[]}]}}},"type":{"summaryKind":2,"type":{"reference":{"__symbol":0,"members":[]},"diDeps":[],"lifecycleHooks":[]},"entryComponents":[],"providers":[{"provider":{"token":{"identifier":{"reference":{"__symbol":16,"members":[]}}},"useClass":{"reference":{"__symbol":17,"members":[]},"diDeps":[{"isAttribute":false,"isHost":false,"isSelf":false,"isSkipSelf":false,"isOptional":false,"token":{"identifier":{"reference":{"__symbol":18,"members":[]}}}}],"lifecycleHooks":[]},"useFactory":null,"deps":[{"isAttribute":false,"isHost":false,"isSelf":false,"isSkipSelf":false,"isOptional":false,"token":{"identifier":{"reference":{"__symbol":18,"members":[]}}}}],"multi":false},"module":{"reference":{"__symbol":19,"members":[]},"diDeps":[],"lifecycleHooks":[]}}],"modules":[{"reference":{"__symbol":19,"members":[]},"diDeps":[],"lifecycleHooks":[]},{"reference":{"__symbol":0,"members":[]},"diDeps":[],"lifecycleHooks":[]}],"exportedDirectives":[],"exportedPipes":[]}}],"symbols":[{"__symbol":0,"name":"OAuthModule","filePath":"./angular-oauth-oidc.module"},{"__symbol":1,"name":"OAuthService","filePath":"./oauth-service"},{"__symbol":2,"name":"UrlHelperService","filePath":"./url-helper.service"},{"__symbol":3,"name":"OAuthLogger","filePath":"./types"},{"__symbol":4,"name":"createDefaultLogger","filePath":"./factories"},{"__symbol":5,"name":"OAuthStorage","filePath":"./types"},{"__symbol":6,"name":"createDefaultStorage","filePath":"./factories"},{"__symbol":7,"name":"ValidationHandler","filePath":"./token-validation/validation-handler"},{"__symbol":8,"name":"HashHandler","filePath":"./token-validation/hash-handler"},{"__symbol":9,"name":"DefaultHashHandler","filePath":"./token-validation/hash-handler"},{"__symbol":10,"name":"OAuthResourceServerErrorHandler","filePath":"./interceptors/resource-server-error-handler"},{"__symbol":11,"name":"OAuthNoopResourceServerErrorHandler","filePath":"./interceptors/resource-server-error-handler"},{"__symbol":12,"name":"OAuthModuleConfig","filePath":"./oauth-module.config"},{"__symbol":13,"name":"HTTP_INTERCEPTORS","filePath":"@angular/common/http/http"},{"__symbol":14,"name":"DefaultOAuthInterceptor","filePath":"./interceptors/default-oauth.interceptor"},{"__symbol":15,"name":"NullValidationHandler","filePath":"./token-validation/null-validation-handler"},{"__symbol":16,"name":"NgLocalization","filePath":"@angular/common"},{"__symbol":17,"name":"NgLocaleLocalization","filePath":"@angular/common"},{"__symbol":18,"name":"LOCALE_ID","filePath":"@angular/core"},{"__symbol":19,"name":"CommonModule","filePath":"@angular/common"}]}