{"moduleName":null,"summaries":[{"symbol":{"__symbol":0,"members":[]},"metadata":{"__symbol":1,"members":[]}},{"symbol":{"__symbol":2,"members":[]},"metadata":{"__symbol":3,"members":[]}},{"symbol":{"__symbol":4,"members":[]},"metadata":{"__symbol":5,"members":[]}},{"symbol":{"__symbol":6,"members":[]},"metadata":{"__symbol":7,"members":[]}},{"symbol":{"__symbol":8,"members":[]},"metadata":{"__symbol":9,"members":[]}},{"symbol":{"__symbol":10,"members":[]},"metadata":{"__symbol":11,"members":[]}},{"symbol":{"__symbol":12,"members":[]},"metadata":{"__symbol":13,"members":[]}},{"symbol":{"__symbol":14,"members":[]},"metadata":{"__symbol":15,"members":[]}},{"symbol":{"__symbol":16,"members":[]},"metadata":{"__symbol":17,"members":[]}},{"symbol":{"__symbol":18,"members":[]},"metadata":{"__symbol":19,"members":[]}},{"symbol":{"__symbol":20,"members":[]},"metadata":{"__symbol":21,"members":[]}},{"symbol":{"__symbol":22,"members":[]},"metadata":{"__symbol":23,"members":[]}},{"symbol":{"__symbol":24,"members":[]},"metadata":{"__symbol":25,"members":[]}},{"symbol":{"__symbol":26,"members":[]},"metadata":{"__symbol":27,"members":[]}},{"symbol":{"__symbol":28,"members":[]},"metadata":{"__symbol":29,"members":[]}},{"symbol":{"__symbol":30,"members":[]},"metadata":{"__symbol":31,"members":[]}},{"symbol":{"__symbol":32,"members":[]},"metadata":{"__symbol":33,"members":[]}},{"symbol":{"__symbol":34,"members":[]},"metadata":{"__symbol":35,"members":[]}},{"symbol":{"__symbol":36,"members":[]},"metadata":{"__symbol":37,"members":[]}},{"symbol":{"__symbol":38,"members":[]},"metadata":{"__symbol":39,"members":[]}},{"symbol":{"__symbol":40,"members":[]},"metadata":{"__symbol":41,"members":[]}},{"symbol":{"__symbol":42,"members":[]},"metadata":{"__symbol":43,"members":[]}},{"symbol":{"__symbol":44,"members":[]},"metadata":{"__symbol":45,"members":[]}},{"symbol":{"__symbol":46,"members":[]},"metadata":{"__symbol":47,"members":[]}},{"symbol":{"__symbol":48,"members":[]},"metadata":{"__symbol":49,"members":[]}},{"symbol":{"__symbol":50,"members":[]},"metadata":{"__symbol":51,"members":[]}},{"symbol":{"__symbol":52,"members":[]},"metadata":{"__symbol":53,"members":[]}},{"symbol":{"__symbol":54,"members":[]},"metadata":{"__symbol":55,"members":[]}},{"symbol":{"__symbol":56,"members":[]},"metadata":{"__symbol":57,"members":[]}},{"symbol":{"__symbol":58,"members":[]},"metadata":{"__symbol":59,"members":[]}},{"symbol":{"__symbol":60,"members":[]},"metadata":{"__symbol":61,"members":[]}},{"symbol":{"__symbol":62,"members":[]},"metadata":{"__symbol":63,"members":[]}},{"symbol":{"__symbol":64,"members":[]},"metadata":{"__symbol":65,"members":[]}}],"symbols":[{"__symbol":0,"name":"OAuthModule","filePath":"./angular-oauth2-oidc"},{"__symbol":1,"name":"OAuthModule","filePath":"./public_api"},{"__symbol":2,"name":"OAuthService","filePath":"./angular-oauth2-oidc"},{"__symbol":3,"name":"OAuthService","filePath":"./public_api"},{"__symbol":4,"name":"JwksValidationHandler","filePath":"./angular-oauth2-oidc"},{"__symbol":5,"name":"JwksValidationHandler","filePath":"./public_api"},{"__symbol":6,"name":"NullValidationHandler","filePath":"./angular-oauth2-oidc"},{"__symbol":7,"name":"NullValidationHandler","filePath":"./public_api"},{"__symbol":8,"name":"ValidationParams","filePath":"./angular-oauth2-oidc"},{"__symbol":9,"name":"ValidationParams","filePath":"./public_api"},{"__symbol":10,"name":"ValidationHandler","filePath":"./angular-oauth2-oidc"},{"__symbol":11,"name":"ValidationHandler","filePath":"./public_api"},{"__symbol":12,"name":"AbstractValidationHandler","filePath":"./angular-oauth2-oidc"},{"__symbol":13,"name":"AbstractValidationHandler","filePath":"./public_api"},{"__symbol":14,"name":"UrlHelperService","filePath":"./angular-oauth2-oidc"},{"__symbol":15,"name":"UrlHelperService","filePath":"./public_api"},{"__symbol":16,"name":"AuthConfig","filePath":"./angular-oauth2-oidc"},{"__symbol":17,"name":"AuthConfig","filePath":"./public_api"},{"__symbol":18,"name":"LoginOptions","filePath":"./angular-oauth2-oidc"},{"__symbol":19,"name":"LoginOptions","filePath":"./public_api"},{"__symbol":20,"name":"OAuthLogger","filePath":"./angular-oauth2-oidc"},{"__symbol":21,"name":"OAuthLogger","filePath":"./public_api"},{"__symbol":22,"name":"OAuthStorage","filePath":"./angular-oauth2-oidc"},{"__symbol":23,"name":"OAuthStorage","filePath":"./public_api"},{"__symbol":24,"name":"MemoryStorage","filePath":"./angular-oauth2-oidc"},{"__symbol":25,"name":"MemoryStorage","filePath":"./public_api"},{"__symbol":26,"name":"ReceivedTokens","filePath":"./angular-oauth2-oidc"},{"__symbol":27,"name":"ReceivedTokens","filePath":"./public_api"},{"__symbol":28,"name":"ParsedIdToken","filePath":"./angular-oauth2-oidc"},{"__symbol":29,"name":"ParsedIdToken","filePath":"./public_api"},{"__symbol":30,"name":"TokenResponse","filePath":"./angular-oauth2-oidc"},{"__symbol":31,"name":"TokenResponse","filePath":"./public_api"},{"__symbol":32,"name":"UserInfo","filePath":"./angular-oauth2-oidc"},{"__symbol":33,"name":"UserInfo","filePath":"./public_api"},{"__symbol":34,"name":"OidcDiscoveryDoc","filePath":"./angular-oauth2-oidc"},{"__symbol":35,"name":"OidcDiscoveryDoc","filePath":"./public_api"},{"__symbol":36,"name":"AUTH_CONFIG","filePath":"./angular-oauth2-oidc"},{"__symbol":37,"name":"AUTH_CONFIG","filePath":"./public_api"},{"__symbol":38,"name":"EventType","filePath":"./angular-oauth2-oidc"},{"__symbol":39,"name":"EventType","filePath":"./public_api"},{"__symbol":40,"name":"OAuthEvent","filePath":"./angular-oauth2-oidc"},{"__symbol":41,"name":"OAuthEvent","filePath":"./public_api"},{"__symbol":42,"name":"OAuthSuccessEvent","filePath":"./angular-oauth2-oidc"},{"__symbol":43,"name":"OAuthSuccessEvent","filePath":"./public_api"},{"__symbol":44,"name":"OAuthInfoEvent","filePath":"./angular-oauth2-oidc"},{"__symbol":45,"name":"OAuthInfoEvent","filePath":"./public_api"},{"__symbol":46,"name":"OAuthErrorEvent","filePath":"./angular-oauth2-oidc"},{"__symbol":47,"name":"OAuthErrorEvent","filePath":"./public_api"},{"__symbol":48,"name":"DefaultOAuthInterceptor","filePath":"./angular-oauth2-oidc"},{"__symbol":49,"name":"DefaultOAuthInterceptor","filePath":"./public_api"},{"__symbol":50,"name":"OAuthResourceServerErrorHandler","filePath":"./angular-oauth2-oidc"},{"__symbol":51,"name":"OAuthResourceServerErrorHandler","filePath":"./public_api"},{"__symbol":52,"name":"OAuthNoopResourceServerErrorHandler","filePath":"./angular-oauth2-oidc"},{"__symbol":53,"name":"OAuthNoopResourceServerErrorHandler","filePath":"./public_api"},{"__symbol":54,"name":"OAuthModuleConfig","filePath":"./angular-oauth2-oidc"},{"__symbol":55,"name":"OAuthModuleConfig","filePath":"./public_api"},{"__symbol":56,"name":"OAuthResourceServerConfig","filePath":"./angular-oauth2-oidc"},{"__symbol":57,"name":"OAuthResourceServerConfig","filePath":"./public_api"},{"__symbol":58,"name":"ɵc","filePath":"./angular-oauth2-oidc"},{"__symbol":59,"name":"createDefaultLogger","filePath":"./factories"},{"__symbol":60,"name":"ɵd","filePath":"./angular-oauth2-oidc"},{"__symbol":61,"name":"createDefaultStorage","filePath":"./factories"},{"__symbol":62,"name":"ɵb","filePath":"./angular-oauth2-oidc"},{"__symbol":63,"name":"DefaultHashHandler","filePath":"./token-validation/hash-handler"},{"__symbol":64,"name":"ɵa","filePath":"./angular-oauth2-oidc"},{"__symbol":65,"name":"HashHandler","filePath":"./token-validation/hash-handler"}]}