{"moduleName":null,"summaries":[{"symbol":{"__symbol":0,"members":[]},"metadata":{"__symbolic":"interface"}},{"symbol":{"__symbol":1,"members":[]},"metadata":{"__symbolic":"class","members":{"__ctor__":[{"__symbolic":"constructor","parameters":[{"__symbolic":"error","message":"Could not resolve type","context":{"typeName":"EventType"},"fileName":"projects\\lib\\src\\events.ts"}]}]}}},{"symbol":{"__symbol":2,"members":[]},"metadata":{"__symbolic":"class","extends":{"__symbol":1,"members":[]},"members":{"__ctor__":[{"__symbolic":"constructor","parameters":[{"__symbolic":"error","message":"Could not resolve type","context":{"typeName":"EventType"},"fileName":"projects\\lib\\src\\events.ts"},null]}]}}},{"symbol":{"__symbol":3,"members":[]},"metadata":{"__symbolic":"class","extends":{"__symbol":1,"members":[]},"members":{"__ctor__":[{"__symbolic":"constructor","parameters":[{"__symbolic":"error","message":"Could not resolve type","context":{"typeName":"EventType"},"fileName":"projects\\lib\\src\\events.ts"},null]}]}}},{"symbol":{"__symbol":4,"members":[]},"metadata":{"__symbolic":"class","extends":{"__symbol":1,"members":[]},"members":{"__ctor__":[{"__symbolic":"constructor","parameters":[{"__symbolic":"error","message":"Could not resolve type","context":{"typeName":"EventType"},"fileName":"projects\\lib\\src\\events.ts"},{"__symbolic":"error","message":"Expression form not supported","fileName":"projects\\lib\\src\\events.ts"},{"__symbolic":"error","message":"Expression form not supported","fileName":"projects\\lib\\src\\events.ts"}]}]}}}],"symbols":[{"__symbol":0,"name":"EventType","filePath":"./events"},{"__symbol":1,"name":"OAuthEvent","filePath":"./events"},{"__symbol":2,"name":"OAuthSuccessEvent","filePath":"./events"},{"__symbol":3,"name":"OAuthInfoEvent","filePath":"./events"},{"__symbol":4,"name":"OAuthErrorEvent","filePath":"./events"}]}