{"moduleName":null,"summaries":[{"symbol":{"__symbol":0,"members":[]},"metadata":{"__symbolic":"function","parameters":[]}},{"symbol":{"__symbol":1,"members":[]},"metadata":{"__symbolic":"function","parameters":[],"value":{"__symbolic":"if","condition":{"__symbolic":"binop","operator":"!==","left":{"__symbolic":"error","message":"Expression form not supported","fileName":"projects\\lib\\src\\factories.ts"},"right":"undefined"},"elseExpression":{"__symbolic":"new","expression":{"__symbol":2,"members":[]}}}}}],"symbols":[{"__symbol":0,"name":"createDefaultLogger","filePath":"./factories"},{"__symbol":1,"name":"createDefaultStorage","filePath":"./factories"},{"__symbol":2,"name":"MemoryStorage","filePath":"./types"}]}