{"moduleName":null,"summaries":[{"symbol":{"__symbol":0,"members":[]},"metadata":{"__symbolic":"class","extends":{"__symbol":1,"members":[]},"members":{"__ctor__":[{"__symbolic":"constructor","parameterDecorators":[null,null,[{"__symbolic":"call","expression":{"__symbol":2,"members":[]}}],[{"__symbolic":"call","expression":{"__symbol":2,"members":[]}}],[{"__symbolic":"call","expression":{"__symbol":2,"members":[]}}],null,null,[{"__symbolic":"call","expression":{"__symbol":2,"members":[]}}]],"parameters":[{"__symbol":3,"members":[]},{"__symbol":4,"members":[]},{"__symbol":5,"members":[]},{"__symbol":6,"members":[]},{"__symbol":1,"members":[]},{"__symbol":7,"members":[]},{"__symbol":8,"members":[]},{"__symbol":9,"members":[]}]}],"configure":[{"__symbolic":"method"}],"configChanged":[{"__symbolic":"method"}],"restartSessionChecksIfStillLoggedIn":[{"__symbolic":"method"}],"restartRefreshTimerIfStillLoggedIn":[{"__symbolic":"method"}],"setupSessionCheck":[{"__symbolic":"method"}],"setupAutomaticSilentRefresh":[{"__symbolic":"method"}],"refreshInternal":[{"__symbolic":"method"}],"loadDiscoveryDocumentAndTryLogin":[{"__symbolic":"method"}],"loadDiscoveryDocumentAndLogin":[{"__symbolic":"method"}],"debug":[{"__symbolic":"method"}],"validateUrlFromDiscoveryDocument":[{"__symbolic":"method"}],"validateUrlForHttps":[{"__symbolic":"method"}],"assertUrlNotNullAndCorrectProtocol":[{"__symbolic":"method"}],"validateUrlAgainstIssuer":[{"__symbolic":"method"}],"setupRefreshTimer":[{"__symbolic":"method"}],"setupExpirationTimers":[{"__symbolic":"method"}],"setupAccessTokenTimer":[{"__symbolic":"method"}],"setupIdTokenTimer":[{"__symbolic":"method"}],"clearAccessTokenTimer":[{"__symbolic":"method"}],"clearIdTokenTimer":[{"__symbolic":"method"}],"calcTimeout":[{"__symbolic":"method"}],"setStorage":[{"__symbolic":"method"}],"loadDiscoveryDocument":[{"__symbolic":"method"}],"loadJwks":[{"__symbolic":"method"}],"validateDiscoveryDocument":[{"__symbolic":"method"}],"fetchTokenUsingPasswordFlowAndLoadUserProfile":[{"__symbolic":"method"}],"loadUserProfile":[{"__symbolic":"method"}],"fetchTokenUsingPasswordFlow":[{"__symbolic":"method"}],"refreshToken":[{"__symbolic":"method"}],"removeSilentRefreshEventListener":[{"__symbolic":"method"}],"setupSilentRefreshEventListener":[{"__symbolic":"method"}],"silentRefresh":[{"__symbolic":"method"}],"initImplicitFlowInPopup":[{"__symbolic":"method"}],"initLoginFlowInPopup":[{"__symbolic":"method"}],"calculatePopupFeatures":[{"__symbolic":"method"}],"processMessageEventMessage":[{"__symbolic":"method"}],"canPerformSessionCheck":[{"__symbolic":"method"}],"setupSessionCheckEventListener":[{"__symbolic":"method"}],"handleSessionUnchanged":[{"__symbolic":"method"}],"handleSessionChange":[{"__symbolic":"method"}],"waitForSilentRefreshAfterSessionChange":[{"__symbolic":"method"}],"handleSessionError":[{"__symbolic":"method"}],"removeSessionCheckEventListener":[{"__symbolic":"method"}],"initSessionCheck":[{"__symbolic":"method"}],"startSessionCheckTimer":[{"__symbolic":"method"}],"stopSessionCheckTimer":[{"__symbolic":"method"}],"checkSession":[{"__symbolic":"method"}],"createLoginUrl":[{"__symbolic":"method"}],"initImplicitFlowInternal":[{"__symbolic":"method"}],"initImplicitFlow":[{"__symbolic":"method"}],"resetImplicitFlow":[{"__symbolic":"method"}],"callOnTokenReceivedIfExists":[{"__symbolic":"method"}],"storeAccessTokenResponse":[{"__symbolic":"method"}],"tryLogin":[{"__symbolic":"method"}],"parseQueryString":[{"__symbolic":"method"}],"tryLoginCodeFlow":[{"__symbolic":"method"}],"getCodePartsFromUrl":[{"__symbolic":"method"}],"getTokenFromCode":[{"__symbolic":"method"}],"fetchAndProcessToken":[{"__symbolic":"method"}],"tryLoginImplicitFlow":[{"__symbolic":"method"}],"parseState":[{"__symbolic":"method"}],"validateNonce":[{"__symbolic":"method"}],"storeIdToken":[{"__symbolic":"method"}],"storeSessionState":[{"__symbolic":"method"}],"getSessionState":[{"__symbolic":"method"}],"handleLoginError":[{"__symbolic":"method"}],"processIdToken":[{"__symbolic":"method"}],"getIdentityClaims":[{"__symbolic":"method"}],"getGrantedScopes":[{"__symbolic":"method"}],"getIdToken":[{"__symbolic":"method"}],"padBase64":[{"__symbolic":"method"}],"getAccessToken":[{"__symbolic":"method"}],"getRefreshToken":[{"__symbolic":"method"}],"getAccessTokenExpiration":[{"__symbolic":"method"}],"getAccessTokenStoredAt":[{"__symbolic":"method"}],"getIdTokenStoredAt":[{"__symbolic":"method"}],"getIdTokenExpiration":[{"__symbolic":"method"}],"hasValidAccessToken":[{"__symbolic":"method"}],"hasValidIdToken":[{"__symbolic":"method"}],"authorizationHeader":[{"__symbolic":"method"}],"logOut":[{"__symbolic":"method"}],"createAndSaveNonce":[{"__symbolic":"method"}],"ngOnDestroy":[{"__symbolic":"method"}],"createNonce":[{"__symbolic":"method"}],"checkAtHash":[{"__symbolic":"method"}],"checkSignature":[{"__symbolic":"method"}],"initLoginFlow":[{"__symbolic":"method"}],"initCodeFlow":[{"__symbolic":"method"}],"initCodeFlowInternal":[{"__symbolic":"method"}],"createChallangeVerifierPairForPKCE":[{"__symbolic":"method"}]}},"type":{"summaryKind":3,"type":{"reference":{"__symbol":0,"members":[]},"diDeps":[{"isAttribute":false,"isHost":false,"isSelf":false,"isSkipSelf":false,"isOptional":false,"token":{"identifier":{"reference":{"__symbol":3,"members":[]}}}},{"isAttribute":false,"isHost":false,"isSelf":false,"isSkipSelf":false,"isOptional":false,"token":{"identifier":{"reference":{"__symbol":4,"members":[]}}}},{"isAttribute":false,"isHost":false,"isSelf":false,"isSkipSelf":false,"isOptional":true,"token":{"identifier":{"reference":{"__symbol":5,"members":[]}}}},{"isAttribute":false,"isHost":false,"isSelf":false,"isSkipSelf":false,"isOptional":true,"token":{"identifier":{"reference":{"__symbol":6,"members":[]}}}},{"isAttribute":false,"isHost":false,"isSelf":false,"isSkipSelf":false,"isOptional":true,"token":{"identifier":{"reference":{"__symbol":1,"members":[]}}}},{"isAttribute":false,"isHost":false,"isSelf":false,"isSkipSelf":false,"isOptional":false,"token":{"identifier":{"reference":{"__symbol":7,"members":[]}}}},{"isAttribute":false,"isHost":false,"isSelf":false,"isSkipSelf":false,"isOptional":false,"token":{"identifier":{"reference":{"__symbol":8,"members":[]}}}},{"isAttribute":false,"isHost":false,"isSelf":false,"isSkipSelf":false,"isOptional":true,"token":{"identifier":{"reference":{"__symbol":9,"members":[]}}}}],"lifecycleHooks":[1]}}}],"symbols":[{"__symbol":0,"name":"OAuthService","filePath":"./oauth-service"},{"__symbol":1,"name":"AuthConfig","filePath":"./auth.config"},{"__symbol":2,"name":"Optional","filePath":"@angular/core"},{"__symbol":3,"name":"NgZone","filePath":"@angular/core"},{"__symbol":4,"name":"HttpClient","filePath":"@angular/common/http/http"},{"__symbol":5,"name":"OAuthStorage","filePath":"./types"},{"__symbol":6,"name":"ValidationHandler","filePath":"./token-validation/validation-handler"},{"__symbol":7,"name":"UrlHelperService","filePath":"./url-helper.service"},{"__symbol":8,"name":"OAuthLogger","filePath":"./types"},{"__symbol":9,"name":"HashHandler","filePath":"./token-validation/hash-handler"}]}