{"moduleName":null,"summaries":[{"symbol":{"__symbol":0,"members":[]},"metadata":{"__symbol":1,"members":[]}},{"symbol":{"__symbol":2,"members":[]},"metadata":{"__symbol":3,"members":[]}},{"symbol":{"__symbol":4,"members":[]},"metadata":{"__symbol":5,"members":[]}},{"symbol":{"__symbol":6,"members":[]},"metadata":{"__symbol":7,"members":[]}},{"symbol":{"__symbol":8,"members":[]},"metadata":{"__symbol":9,"members":[]}},{"symbol":{"__symbol":10,"members":[]},"metadata":{"__symbol":11,"members":[]}},{"symbol":{"__symbol":12,"members":[]},"metadata":{"__symbol":13,"members":[]}},{"symbol":{"__symbol":14,"members":[]},"metadata":{"__symbol":15,"members":[]}},{"symbol":{"__symbol":16,"members":[]},"metadata":{"__symbol":17,"members":[]}},{"symbol":{"__symbol":18,"members":[]},"metadata":{"__symbol":19,"members":[]}},{"symbol":{"__symbol":20,"members":[]},"metadata":{"__symbol":21,"members":[]}},{"symbol":{"__symbol":22,"members":[]},"metadata":{"__symbol":23,"members":[]}},{"symbol":{"__symbol":24,"members":[]},"metadata":{"__symbol":25,"members":[]}},{"symbol":{"__symbol":26,"members":[]},"metadata":{"__symbol":27,"members":[]}},{"symbol":{"__symbol":28,"members":[]},"metadata":{"__symbol":29,"members":[]}},{"symbol":{"__symbol":30,"members":[]},"metadata":{"__symbol":31,"members":[]}},{"symbol":{"__symbol":32,"members":[]},"metadata":{"__symbol":33,"members":[]}},{"symbol":{"__symbol":34,"members":[]},"metadata":{"__symbol":35,"members":[]}},{"symbol":{"__symbol":36,"members":[]},"metadata":{"__symbol":37,"members":[]}},{"symbol":{"__symbol":38,"members":[]},"metadata":{"__symbol":39,"members":[]}},{"symbol":{"__symbol":40,"members":[]},"metadata":{"__symbol":41,"members":[]}},{"symbol":{"__symbol":42,"members":[]},"metadata":{"__symbol":43,"members":[]}},{"symbol":{"__symbol":44,"members":[]},"metadata":{"__symbol":45,"members":[]}},{"symbol":{"__symbol":46,"members":[]},"metadata":{"__symbol":47,"members":[]}},{"symbol":{"__symbol":48,"members":[]},"metadata":{"__symbol":49,"members":[]}},{"symbol":{"__symbol":50,"members":[]},"metadata":{"__symbol":51,"members":[]}},{"symbol":{"__symbol":52,"members":[]},"metadata":{"__symbol":53,"members":[]}},{"symbol":{"__symbol":54,"members":[]},"metadata":{"__symbol":55,"members":[]}},{"symbol":{"__symbol":56,"members":[]},"metadata":{"__symbol":57,"members":[]}}],"symbols":[{"__symbol":0,"name":"OAuthModule","filePath":"./public_api"},{"__symbol":1,"name":"OAuthModule","filePath":"./angular-oauth-oidc.module"},{"__symbol":2,"name":"OAuthService","filePath":"./public_api"},{"__symbol":3,"name":"OAuthService","filePath":"./oauth-service"},{"__symbol":4,"name":"JwksValidationHandler","filePath":"./public_api"},{"__symbol":5,"name":"JwksValidationHandler","filePath":"./token-validation/jwks-validation-handler"},{"__symbol":6,"name":"NullValidationHandler","filePath":"./public_api"},{"__symbol":7,"name":"NullValidationHandler","filePath":"./token-validation/null-validation-handler"},{"__symbol":8,"name":"ValidationParams","filePath":"./public_api"},{"__symbol":9,"name":"ValidationParams","filePath":"./token-validation/validation-handler"},{"__symbol":10,"name":"ValidationHandler","filePath":"./public_api"},{"__symbol":11,"name":"ValidationHandler","filePath":"./token-validation/validation-handler"},{"__symbol":12,"name":"AbstractValidationHandler","filePath":"./public_api"},{"__symbol":13,"name":"AbstractValidationHandler","filePath":"./token-validation/validation-handler"},{"__symbol":14,"name":"UrlHelperService","filePath":"./public_api"},{"__symbol":15,"name":"UrlHelperService","filePath":"./url-helper.service"},{"__symbol":16,"name":"AuthConfig","filePath":"./public_api"},{"__symbol":17,"name":"AuthConfig","filePath":"./auth.config"},{"__symbol":18,"name":"LoginOptions","filePath":"./public_api"},{"__symbol":19,"name":"LoginOptions","filePath":"./types"},{"__symbol":20,"name":"OAuthLogger","filePath":"./public_api"},{"__symbol":21,"name":"OAuthLogger","filePath":"./types"},{"__symbol":22,"name":"OAuthStorage","filePath":"./public_api"},{"__symbol":23,"name":"OAuthStorage","filePath":"./types"},{"__symbol":24,"name":"MemoryStorage","filePath":"./public_api"},{"__symbol":25,"name":"MemoryStorage","filePath":"./types"},{"__symbol":26,"name":"ReceivedTokens","filePath":"./public_api"},{"__symbol":27,"name":"ReceivedTokens","filePath":"./types"},{"__symbol":28,"name":"ParsedIdToken","filePath":"./public_api"},{"__symbol":29,"name":"ParsedIdToken","filePath":"./types"},{"__symbol":30,"name":"TokenResponse","filePath":"./public_api"},{"__symbol":31,"name":"TokenResponse","filePath":"./types"},{"__symbol":32,"name":"UserInfo","filePath":"./public_api"},{"__symbol":33,"name":"UserInfo","filePath":"./types"},{"__symbol":34,"name":"OidcDiscoveryDoc","filePath":"./public_api"},{"__symbol":35,"name":"OidcDiscoveryDoc","filePath":"./types"},{"__symbol":36,"name":"AUTH_CONFIG","filePath":"./public_api"},{"__symbol":37,"name":"AUTH_CONFIG","filePath":"./tokens"},{"__symbol":38,"name":"EventType","filePath":"./public_api"},{"__symbol":39,"name":"EventType","filePath":"./events"},{"__symbol":40,"name":"OAuthEvent","filePath":"./public_api"},{"__symbol":41,"name":"OAuthEvent","filePath":"./events"},{"__symbol":42,"name":"OAuthSuccessEvent","filePath":"./public_api"},{"__symbol":43,"name":"OAuthSuccessEvent","filePath":"./events"},{"__symbol":44,"name":"OAuthInfoEvent","filePath":"./public_api"},{"__symbol":45,"name":"OAuthInfoEvent","filePath":"./events"},{"__symbol":46,"name":"OAuthErrorEvent","filePath":"./public_api"},{"__symbol":47,"name":"OAuthErrorEvent","filePath":"./events"},{"__symbol":48,"name":"DefaultOAuthInterceptor","filePath":"./public_api"},{"__symbol":49,"name":"DefaultOAuthInterceptor","filePath":"./interceptors/default-oauth.interceptor"},{"__symbol":50,"name":"OAuthResourceServerErrorHandler","filePath":"./public_api"},{"__symbol":51,"name":"OAuthResourceServerErrorHandler","filePath":"./interceptors/resource-server-error-handler"},{"__symbol":52,"name":"OAuthNoopResourceServerErrorHandler","filePath":"./public_api"},{"__symbol":53,"name":"OAuthNoopResourceServerErrorHandler","filePath":"./interceptors/resource-server-error-handler"},{"__symbol":54,"name":"OAuthModuleConfig","filePath":"./public_api"},{"__symbol":55,"name":"OAuthModuleConfig","filePath":"./oauth-module.config"},{"__symbol":56,"name":"OAuthResourceServerConfig","filePath":"./public_api"},{"__symbol":57,"name":"OAuthResourceServerConfig","filePath":"./oauth-module.config"}]}