{"moduleName":null,"summaries":[{"symbol":{"__symbol":0,"members":[]},"metadata":{"__symbolic":"class"}},{"symbol":{"__symbol":1,"members":[]},"metadata":{"__symbolic":"class","members":{"debug":[{"__symbolic":"method"}],"info":[{"__symbolic":"method"}],"log":[{"__symbolic":"method"}],"warn":[{"__symbolic":"method"}],"error":[{"__symbolic":"method"}]}}},{"symbol":{"__symbol":2,"members":[]},"metadata":{"__symbolic":"class","members":{"getItem":[{"__symbolic":"method"}],"removeItem":[{"__symbolic":"method"}],"setItem":[{"__symbolic":"method"}]}}},{"symbol":{"__symbol":3,"members":[]},"metadata":{"__symbolic":"class","members":{"getItem":[{"__symbolic":"method"}],"removeItem":[{"__symbolic":"method"}],"setItem":[{"__symbolic":"method"}]}},"type":{"summaryKind":3,"type":{"reference":{"__symbol":3,"members":[]},"diDeps":[],"lifecycleHooks":[]}}},{"symbol":{"__symbol":4,"members":[]},"metadata":{"__symbolic":"class"}},{"symbol":{"__symbol":5,"members":[]},"metadata":{"__symbolic":"interface"}},{"symbol":{"__symbol":6,"members":[]},"metadata":{"__symbolic":"interface"}},{"symbol":{"__symbol":7,"members":[]},"metadata":{"__symbolic":"interface"}},{"symbol":{"__symbol":8,"members":[]},"metadata":{"__symbolic":"interface"}}],"symbols":[{"__symbol":0,"name":"LoginOptions","filePath":"./types"},{"__symbol":1,"name":"OAuthLogger","filePath":"./types"},{"__symbol":2,"name":"OAuthStorage","filePath":"./types"},{"__symbol":3,"name":"MemoryStorage","filePath":"./types"},{"__symbol":4,"name":"ReceivedTokens","filePath":"./types"},{"__symbol":5,"name":"ParsedIdToken","filePath":"./types"},{"__symbol":6,"name":"TokenResponse","filePath":"./types"},{"__symbol":7,"name":"UserInfo","filePath":"./types"},{"__symbol":8,"name":"OidcDiscoveryDoc","filePath":"./types"}]}